Lag,BTC竊脱TH_p,BTC竊奪OGE_p
1,0.441283,0.457615
2,0.030675,0.000000
3,0.005477,0.000000
4,0.009367,0.000000
